ticker,Date,SplitRatio
0003.HK,2007-05-08 00:00:00+08:00,1.1
0003.HK,2008-05-05 00:00:00+08:00,1.1
0003.HK,2010-05-14 00:00:00+08:00,1.1
0003.HK,2011-05-23 00:00:00+08:00,1.1
0003.HK,2012-06-07 00:00:00+08:00,1.1
0003.HK,2013-06-07 00:00:00+08:00,1.1
0003.HK,2014-06-06 00:00:00+08:00,1.1
0003.HK,2015-06-03 00:00:00+08:00,1.1
0003.HK,2016-06-10 00:00:00+08:00,1.1
0003.HK,2017-06-09 00:00:00+08:00,1.1
0003.HK,2018-06-08 00:00:00+08:00,1.1
0003.HK,2019-05-30 00:00:00+08:00,1.1
0003.HK,2020-06-09 00:00:00+08:00,1.05
0003.HK,2021-06-04 00:00:00+08:00,1.05
000660.KS,2003-04-14 00:00:00+09:00,0.047619047619047616
0012.HK,2013-06-05 00:00:00+08:00,1.1
0012.HK,2014-06-11 00:00:00+08:00,1.1
0012.HK,2015-06-04 00:00:00+08:00,1.1
0012.HK,2016-06-06 00:00:00+08:00,1.1
0012.HK,2017-06-07 00:00:00+08:00,1.1
0012.HK,2018-06-05 00:00:00+08:00,1.1
0012.HK,2019-05-30 00:00:00+08:00,1.1
0017.HK,2020-06-23 00:00:00+08:00,0.25
002050.SZ,2005-11-18 00:00:00+08:00,1.3
002050.SZ,2012-04-09 00:00:00+08:00,2.0
002050.SZ,2014-06-04 00:00:00+08:00,1.3
002050.SZ,2015-04-21 00:00:00+08:00,2.0
002050.SZ,2019-05-10 00:00:00+08:00,1.3
002050.SZ,2020-06-03 00:00:00+08:00,1.3
002371.SZ,2011-07-01 00:00:00+08:00,1.3
002371.SZ,2012-03-27 00:00:00+08:00,1.8
002371.SZ,2013-05-10 00:00:00+08:00,2.0
002371.SZ,2025-07-03 00:00:00+08:00,1.35
002690.SZ,2013-06-07 00:00:00+08:00,1.3
002690.SZ,2014-05-20 00:00:00+08:00,1.3
002690.SZ,2015-05-22 00:00:00+08:00,2.0
002690.SZ,2022-05-13 00:00:00+08:00,1.3
0386.HK,2013-06-10 00:00:00+08:00,1.3
0631.HK,2011-05-05 00:00:00+08:00,1.5
0700.HK,2014-05-15 00:00:00+08:00,5.0
0823.HK,2010-06-15 00:00:00+08:00,1.02483
0868.HK,2010-05-20 00:00:00+08:00,2.0
0883.HK,2004-03-17 00:00:00+08:00,5.0
0981.HK,2016-11-21 00:00:00+08:00,0.1
0981.HK,2016-12-07 00:00:00+08:00,0.1
1093.HK,2020-06-18 00:00:00+08:00,1.2
1093.HK,2020-10-15 00:00:00+08:00,1.6
1093.HK,2020-10-16 00:00:00+08:00,1.6
1177.HK,2005-05-06 00:00:00+08:00,1.5
1177.HK,2009-06-03 00:00:00+08:00,1.3333333333333333
1177.HK,2009-12-04 00:00:00+08:00,1.5
1177.HK,2015-11-13 00:00:00+08:00,1.5
1177.HK,2018-06-04 00:00:00+08:00,1.5
1177.HK,2020-07-20 00:00:00+08:00,1.5
1211.HK,2008-02-15 00:00:00+08:00,3.8
1211.HK,2025-06-10 00:00:00+08:00,3.0
2269.HK,2020-11-16 00:00:00+08:00,3.0
2318.HK,2015-07-27 00:00:00+08:00,2.0
2319.HK,2015-10-13 00:00:00+08:00,2.0
2359.HK,2019-06-17 00:00:00+08:00,1.4
2359.HK,2020-05-26 00:00:00+08:00,1.4
2359.HK,2020-05-27 00:00:00+08:00,1.4
2359.HK,2021-05-28 00:00:00+08:00,1.2
2360.TW,2000-06-28 00:00:00+08:00,1.3
2360.TW,2001-07-19 00:00:00+08:00,1.15
2360.TW,2002-07-17 00:00:00+08:00,1.07
2360.TW,2003-07-11 00:00:00+08:00,1.070402
2360.TW,2004-07-19 00:00:00+08:00,1.0302689999999999
2360.TW,2005-07-01 00:00:00+08:00,1.0201099999999999
2360.TW,2006-06-29 00:00:00+08:00,1.0200799999999999
2360.TW,2007-07-26 00:00:00+08:00,1.03925
2360.TW,2008-07-16 00:00:00+08:00,1.05989
2360.TW,2009-06-29 00:00:00+08:00,1.0503
2360.TW,2011-07-12 00:00:00+08:00,1.04
2545.TW,2000-06-16 00:00:00+08:00,1.15
2545.TW,2001-06-26 00:00:00+08:00,1.03
2545.TW,2003-08-25 00:00:00+08:00,1.04
2545.TW,2004-07-14 00:00:00+08:00,1.12
2545.TW,2006-08-21 00:00:00+08:00,1.1
2545.TW,2008-09-15 00:00:00+08:00,1.3
2545.TW,2009-08-10 00:00:00+08:00,1.15
267260.KS,2017-11-17 00:00:00+09:00,2.0
267260.KS,2018-11-23 00:00:00+09:00,2.0
2899.HK,2004-04-26 00:00:00+08:00,2.0
2899.HK,2005-04-26 00:00:00+08:00,2.0
2899.HK,2006-04-12 00:00:00+08:00,2.0
2899.HK,2011-06-13 00:00:00+08:00,1.5
300015.SZ,2010-04-19 00:00:00+08:00,2.0
300015.SZ,2011-09-06 00:00:00+08:00,1.6
300015.SZ,2014-05-15 00:00:00+08:00,1.497603
300015.SZ,2015-06-04 00:00:00+08:00,1.499797
300015.SZ,2017-05-18 00:00:00+08:00,1.5
300015.SZ,2018-05-24 00:00:00+08:00,1.499945
300015.SZ,2019-06-05 00:00:00+08:00,1.3
300015.SZ,2020-05-28 00:00:00+08:00,1.3
300015.SZ,2021-06-24 00:00:00+08:00,1.296578
300015.SZ,2022-07-11 00:00:00+08:00,1.299163
300015.SZ,2023-06-08 00:00:00+08:00,1.300045
300347.SZ,2013-05-02 00:00:00+08:00,2.0
300347.SZ,2014-04-22 00:00:00+08:00,2.0
300347.SZ,2015-05-20 00:00:00+08:00,2.0
300347.SZ,2019-07-01 00:00:00+08:00,1.5
300394.SZ,2016-05-19 00:00:00+08:00,2.5
300394.SZ,2021-06-25 00:00:00+08:00,1.8
300394.SZ,2024-05-30 00:00:00+08:00,1.4
300394.SZ,2025-06-09 00:00:00+08:00,1.4
300596.SZ,2017-06-13 00:00:00+08:00,1.5
300685.SZ,2018-06-28 00:00:00+08:00,1.8
300685.SZ,2020-06-16 00:00:00+08:00,1.5
300685.SZ,2022-05-31 00:00:00+08:00,1.8
300750.SZ,2023-04-26 00:00:00+08:00,1.8
300782.SZ,2020-06-30 00:00:00+08:00,1.8
300782.SZ,2021-04-30 00:00:00+08:00,1.8
300782.SZ,2022-06-30 00:00:00+08:00,1.6
3968.HK,2009-05-18 00:00:00+08:00,1.3
600276.SS,2001-05-11 00:00:00+08:00,1.3
600276.SS,2002-05-21 00:00:00+08:00,1.2
600276.SS,2006-06-19 00:00:00+08:00,1.25
600276.SS,2006-08-29 00:00:00+08:00,1.3
600276.SS,2007-04-02 00:00:00+08:00,1.3
600276.SS,2008-04-11 00:00:00+08:00,1.2
600276.SS,2009-04-30 00:00:00+08:00,1.2
600276.SS,2010-03-17 00:00:00+08:00,1.2
600276.SS,2011-04-26 00:00:00+08:00,1.5
600276.SS,2012-05-29 00:00:00+08:00,1.1
600276.SS,2013-06-07 00:00:00+08:00,1.1
600276.SS,2014-05-15 00:00:00+08:00,1.1
600276.SS,2015-06-15 00:00:00+08:00,1.3
600276.SS,2016-06-16 00:00:00+08:00,1.2
600276.SS,2017-05-31 00:00:00+08:00,1.2
600276.SS,2018-05-30 00:00:00+08:00,1.3
600276.SS,2019-03-28 00:00:00+08:00,1.2
600276.SS,2020-05-25 00:00:00+08:00,1.2
600276.SS,2021-06-10 00:00:00+08:00,1.2
600406.SS,2004-04-02 00:00:00+08:00,1.5
600406.SS,2004-10-14 00:00:00+08:00,1.3
600406.SS,2007-03-27 00:00:00+08:00,1.2
600406.SS,2010-03-24 00:00:00+08:00,2.0
600406.SS,2011-03-25 00:00:00+08:00,2.0
600406.SS,2012-04-05 00:00:00+08:00,1.5
600406.SS,2013-06-06 00:00:00+08:00,1.4
600406.SS,2021-06-23 00:00:00+08:00,1.2
600406.SS,2022-06-22 00:00:00+08:00,1.2
600406.SS,2023-06-21 00:00:00+08:00,1.2
600660.SS,1993-06-28 00:00:00+08:00,1.5
600660.SS,1994-04-25 00:00:00+08:00,1.5
600660.SS,1995-05-22 00:00:00+08:00,1.3
600660.SS,1996-12-09 00:00:00+08:00,1.3
600660.SS,2001-03-27 00:00:00+08:00,1.6
600660.SS,2002-03-27 00:00:00+08:00,1.11
600660.SS,2004-06-09 00:00:00+08:00,2.0
600660.SS,2008-05-13 00:00:00+08:00,2.0
600660.SS,2009-04-20 00:00:00+08:00,1.0083600000000001
600703.SS,1997-03-03 00:00:00+08:00,1.3
600703.SS,2008-07-07 00:00:00+08:00,1.2
600703.SS,2010-03-16 00:00:00+08:00,2.0
600703.SS,2011-05-23 00:00:00+08:00,2.2
600703.SS,2014-07-04 00:00:00+08:00,1.5
600703.SS,2016-07-15 00:00:00+08:00,1.6
600750.SS,1997-05-13 00:00:00+08:00,2.0
600750.SS,2007-05-24 00:00:00+08:00,1.5
600750.SS,2007-08-27 00:00:00+08:00,1.35
600750.SS,2018-06-20 00:00:00+08:00,1.4
600750.SS,2019-06-12 00:00:00+08:00,1.25
600750.SS,2020-06-12 00:00:00+08:00,1.2
600887.SS,1997-01-15 00:00:00+08:00,2.0
600887.SS,2003-07-10 00:00:00+08:00,2.0
600887.SS,2008-05-22 00:00:00+08:00,1.2
600887.SS,2011-06-13 00:00:00+08:00,2.0
600887.SS,2014-07-16 00:00:00+08:00,1.5
600887.SS,2015-05-28 00:00:00+08:00,2.0
601689.SS,2019-07-10 00:00:00+08:00,1.45
601689.SS,2024-07-19 00:00:00+08:00,1.45
603501.SS,2022-07-28 00:00:00+08:00,1.35
603556.SS,2018-06-19 00:00:00+08:00,1.3
603979.SS,2016-07-18 00:00:00+08:00,1.2
603979.SS,2017-07-14 00:00:00+08:00,1.3
6409.TW,2013-06-25 00:00:00+08:00,1.05
6409.TW,2014-08-25 00:00:00+08:00,1.05
6409.TW,2015-08-25 00:00:00+08:00,1.0500209999999999
6409.TW,2016-08-24 00:00:00+08:00,1.050012
6409.TW,2019-09-02 00:00:00+08:00,1.05
6409.TW,2020-09-16 00:00:00+08:00,1.050017
6415.TW,2014-07-22 00:00:00+08:00,1.1983499999999998
6415.TW,2022-07-06 00:00:00+08:00,4.0
6415.TW,2022-07-12 00:00:00+08:00,4.0
6415.TW,2022-07-13 00:00:00+08:00,4.0
688036.SS,2024-06-07 00:00:00+08:00,1.4
688188.SS,2022-05-26 00:00:00+08:00,1.4
688188.SS,2024-05-17 00:00:00+08:00,1.4
688188.SS,2025-06-09 00:00:00+08:00,1.4
688789.SS,2023-06-02 00:00:00+08:00,1.45
688789.SS,2024-07-19 00:00:00+08:00,1.49
AAPL,1987-06-16 00:00:00-04:00,2.0
AAPL,2000-06-21 00:00:00-04:00,2.0
AAPL,2005-02-28 00:00:00-05:00,2.0
AAPL,2014-06-09 00:00:00-04:00,7.0
AAPL,2020-08-31 00:00:00-04:00,4.0
ADDYY,2006-06-13 00:00:00-04:00,4.0
AMAT,1980-04-02 00:00:00-05:00,1.5
AMAT,1981-02-06 00:00:00-05:00,1.5
AMAT,1986-05-16 00:00:00-04:00,2.0
AMAT,1992-04-07 00:00:00-04:00,2.0
AMAT,1993-10-06 00:00:00-04:00,2.0
AMAT,1995-10-13 00:00:00-04:00,2.0
AMAT,1997-10-14 00:00:00-04:00,2.0
AMAT,2000-03-16 00:00:00-05:00,2.0
AMAT,2002-04-17 00:00:00-04:00,2.0
AMC,2023-08-24 00:00:00-04:00,0.1
AMD,1980-10-24 00:00:00-04:00,2.0
AMD,1982-10-28 00:00:00-04:00,1.5
AMD,1983-08-23 00:00:00-04:00,2.0
AMD,2000-08-22 00:00:00-04:00,2.0
AMGN,1990-08-13 00:00:00-04:00,2.0
AMGN,1991-09-11 00:00:00-04:00,3.0
AMGN,1995-08-16 00:00:00-04:00,2.0
AMGN,1999-03-01 00:00:00-05:00,2.0
AMGN,1999-11-22 00:00:00-05:00,2.0
AMLP,2020-05-18 00:00:00-04:00,0.2
AMZN,1998-06-02 00:00:00-04:00,2.0
AMZN,1999-01-05 00:00:00-05:00,3.0
AMZN,1999-09-02 00:00:00-04:00,2.0
AMZN,2022-06-06 00:00:00-04:00,20.0
AVGO,2024-07-15 00:00:00-04:00,10.0
AXP,1983-02-11 00:00:00-05:00,1.3333333333333333
AXP,1983-08-11 00:00:00-04:00,1.5
AXP,1987-05-11 00:00:00-04:00,2.0
AXP,1994-05-31 00:00:00-04:00,1.13314447592068
AXP,2000-05-11 00:00:00-04:00,3.0
AXP,2005-10-03 00:00:00-04:00,1.1424654404204273
BA,1966-05-18 00:00:00-04:00,2.0
BA,1977-09-13 00:00:00-04:00,2.0
BA,1979-04-16 00:00:00-05:00,1.5
BA,1980-04-15 00:00:00-05:00,1.5
BA,1985-06-10 00:00:00-04:00,1.5
BA,1989-06-12 00:00:00-04:00,1.5
BA,1990-06-11 00:00:00-04:00,1.5
BA,1997-06-09 00:00:00-04:00,2.0
BAC,1986-11-21 00:00:00-05:00,2.0
BAC,1997-02-28 00:00:00-05:00,2.0
BAC,2004-08-30 00:00:00-04:00,2.0
BAJAJ-AUTO.NS,2010-09-08 00:00:00+05:30,2.0
BBCA.JK,2008-01-28 00:00:00+07:00,2.0
BBCA.JK,2021-10-13 00:00:00+07:00,5.0
BBY,1986-04-01 00:00:00-05:00,2.0
BBY,1987-02-23 00:00:00-05:00,1.5
BBY,1993-09-02 00:00:00-04:00,1.5
BBY,1994-04-29 00:00:00-04:00,2.0
BBY,1998-05-27 00:00:00-04:00,2.0
BBY,1999-03-19 00:00:00-05:00,2.0
BBY,2002-05-13 00:00:00-04:00,1.5
BBY,2005-08-04 00:00:00-04:00,1.5
BEN,1984-04-13 00:00:00-05:00,1.25
BEN,1985-04-02 00:00:00-05:00,2.0
BEN,1986-01-23 00:00:00-05:00,2.0
BEN,1986-10-27 00:00:00-05:00,1.5
BEN,1987-07-15 00:00:00-04:00,1.25
BEN,1990-01-16 00:00:00-05:00,1.5
BEN,1992-04-15 00:00:00-04:00,2.0
BEN,1997-01-15 00:00:00-05:00,1.5
BEN,1998-01-16 00:00:00-05:00,2.0
BEN,2013-07-26 00:00:00-04:00,3.0
BIDU,2010-05-12 00:00:00-04:00,10.0
BIL,2017-11-30 00:00:00-05:00,0.5
BLS.NS,2017-04-26 00:00:00+05:30,10.0
BLS.NS,2022-05-13 00:00:00+05:30,2.0
BLS.NS,2022-12-08 00:00:00+05:30,2.0
BMY,1977-05-31 00:00:00-04:00,2.0
BMY,1983-05-27 00:00:00-04:00,2.0
BMY,1987-06-10 00:00:00-04:00,2.0
BMY,1997-03-03 00:00:00-05:00,2.0
BMY,1999-03-01 00:00:00-05:00,2.0
BMY,2001-08-07 00:00:00-04:00,1.0506662800214757
BRO,1983-03-24 00:00:00-05:00,1.5
BRO,1986-05-12 00:00:00-04:00,1.5
BRO,1991-05-30 00:00:00-04:00,1.25
BRO,1998-03-02 00:00:00-05:00,1.5
BRO,2000-08-24 00:00:00-04:00,2.0
BRO,2001-11-23 00:00:00-05:00,2.0
BRO,2005-11-29 00:00:00-05:00,2.0
BRO,2018-03-29 00:00:00-04:00,2.0
BSX,1998-12-01 00:00:00-05:00,2.0
BSX,2003-11-06 00:00:00-05:00,2.0
C,1987-03-13 00:00:00-05:00,2.0
C,1993-03-01 00:00:00-05:00,1.5
C,1993-08-30 00:00:00-04:00,1.3333333333333333
C,1995-10-03 00:00:00-04:00,1.0040160642570282
C,1996-05-28 00:00:00-04:00,1.5
C,1996-11-25 00:00:00-05:00,1.3333333333333333
C,1997-11-20 00:00:00-05:00,1.5
C,1999-06-01 00:00:00-04:00,1.5
C,2000-08-28 00:00:00-04:00,1.3333333333333333
C,2011-05-09 00:00:00-04:00,0.1
CAT,1964-07-06 00:00:00-04:00,2.0
CAT,1976-07-26 00:00:00-04:00,1.5
CAT,1994-09-06 00:00:00-04:00,2.0
CAT,1997-07-14 00:00:00-04:00,2.0
CAT,2005-07-14 00:00:00-04:00,2.0
CBAT,2012-10-26 00:00:00-04:00,0.2
CCL,1994-12-15 00:00:00-05:00,2.0
CCL,1998-06-15 00:00:00-04:00,2.0
CHNR,1997-01-16 00:00:00-05:00,0.1
CHNR,1999-06-14 00:00:00-04:00,0.1
CHNR,2023-04-03 00:00:00-04:00,0.2
CHNR,2025-06-13 00:00:00-04:00,0.125
CLF,1975-12-16 00:00:00-05:00,2.0
CLF,1978-09-18 00:00:00-04:00,2.0
CLF,2005-01-03 00:00:00-05:00,2.0
CLF,2006-07-03 00:00:00-04:00,2.0
CLF,2008-05-16 00:00:00-04:00,2.0
CMCSA,1980-05-16 00:00:00-04:00,1.5
CMCSA,1981-04-13 00:00:00-05:00,1.5
CMCSA,1983-01-06 00:00:00-05:00,1.5
CMCSA,1984-09-19 00:00:00-04:00,1.5
CMCSA,1985-06-28 00:00:00-04:00,1.5
CMCSA,1986-12-19 00:00:00-05:00,1.5
CMCSA,1988-04-11 00:00:00-04:00,1.5
CMCSA,1989-10-25 00:00:00-04:00,1.5
CMCSA,1994-02-03 00:00:00-05:00,1.5
CMCSA,1999-05-06 00:00:00-04:00,2.0
CMCSA,2007-02-22 00:00:00-05:00,1.5
CMCSA,2017-02-21 00:00:00-05:00,2.0
CNET,2016-08-19 00:00:00-04:00,0.4
CNET,2023-01-20 00:00:00-05:00,0.2
CNET,2024-09-30 00:00:00-04:00,0.25
COP,1985-07-05 00:00:00-04:00,3.0
COP,2005-06-02 00:00:00-04:00,2.0
COP,2012-05-01 00:00:00-04:00,1.311791
CREG,2016-05-26 00:00:00-04:00,0.1
CREG,2020-04-15 00:00:00-04:00,0.1
CRM,2013-04-18 00:00:00-04:00,4.0
CSCO,1991-03-18 00:00:00-05:00,2.0
CSCO,1992-03-23 00:00:00-05:00,2.0
CSCO,1993-03-22 00:00:00-05:00,2.0
CSCO,1994-03-21 00:00:00-05:00,2.0
CSCO,1996-02-20 00:00:00-05:00,2.0
CSCO,1997-12-17 00:00:00-05:00,1.5
CSCO,1998-09-16 00:00:00-04:00,1.5
CSCO,1999-06-22 00:00:00-04:00,2.0
CSCO,2000-03-23 00:00:00-05:00,2.0
CSX,1983-10-26 00:00:00-04:00,3.0
CSX,1995-12-22 00:00:00-05:00,2.0
CSX,2006-08-16 00:00:00-04:00,2.0
CSX,2011-06-16 00:00:00-04:00,3.0
CSX,2021-06-29 00:00:00-04:00,3.0
CTRA,2005-04-01 00:00:00-05:00,1.5
CTRA,2007-04-02 00:00:00-04:00,2.0
CTRA,2012-01-26 00:00:00-05:00,2.0
CTRA,2013-08-15 00:00:00-04:00,2.0
CVS,1983-05-03 00:00:00-04:00,2.0
CVS,1989-03-15 00:00:00-05:00,2.0
CVS,1998-06-16 00:00:00-04:00,2.0
CVS,2005-06-07 00:00:00-04:00,2.0
CVX,1962-12-17 00:00:00-05:00,1.05
CVX,1973-12-11 00:00:00-05:00,2.0
CVX,1981-03-11 00:00:00-05:00,2.0
CVX,1994-06-13 00:00:00-04:00,2.0
CVX,2004-09-13 00:00:00-04:00,2.0
D05.SI,2024-04-22 00:00:00+08:00,1.1
DIS,1962-12-18 00:00:00-05:00,1.03
DIS,1967-11-16 00:00:00-05:00,2.0
DIS,1971-03-01 00:00:00-05:00,2.0
DIS,1973-01-16 00:00:00-05:00,2.0
DIS,1986-03-06 00:00:00-05:00,4.0
DIS,1992-05-18 00:00:00-04:00,4.0
DIS,1998-07-10 00:00:00-04:00,3.0
DIS,2007-06-13 00:00:00-04:00,1.0136847440446022
DVN,2004-11-16 00:00:00-05:00,2.0
EBAY,1999-03-02 00:00:00-05:00,3.0
EBAY,2000-05-25 00:00:00-04:00,2.0
EBAY,2003-08-29 00:00:00-04:00,2.0
EBAY,2005-02-17 00:00:00-05:00,2.0
EBAY,2015-07-20 00:00:00-04:00,2.376
EFA,2005-06-09 00:00:00-04:00,3.0
EICHERMOT.NS,2020-08-24 00:00:00+05:30,10.0
EPD,2002-05-16 00:00:00-04:00,2.0
EPD,2014-08-22 00:00:00-04:00,2.0
EWU,2016-11-07 00:00:00-05:00,0.5
F,1977-06-27 00:00:00-04:00,1.25
F,1983-12-02 00:00:00-05:00,1.5
F,1986-06-03 00:00:00-04:00,1.5
F,1988-01-13 00:00:00-05:00,2.0
F,1994-07-06 00:00:00-04:00,2.0
F,1998-04-08 00:00:00-04:00,1.505797319680771
F,2000-06-29 00:00:00-04:00,1.0409076714895389
F,2000-08-03 00:00:00-04:00,1.748175
FCX,2011-02-02 00:00:00-05:00,2.0
FL,1964-06-18 00:00:00-04:00,3.0
FL,1986-06-02 00:00:00-04:00,2.0
FL,1990-06-01 00:00:00-04:00,2.0
FNF,2014-07-01 00:00:00-04:00,1.216
FNF,2017-10-02 00:00:00-04:00,1.385
FNF,2022-12-01 00:00:00-05:00,1.04
GEN,1991-10-28 00:00:00-05:00,2.0
GEN,2002-02-01 00:00:00-05:00,2.0
GEN,2003-11-20 00:00:00-05:00,2.0
GEN,2004-12-01 00:00:00-05:00,2.0
GILD,2001-02-22 00:00:00-05:00,2.0
GILD,2002-03-08 00:00:00-05:00,2.0
GILD,2004-09-07 00:00:00-04:00,2.0
GILD,2007-06-25 00:00:00-04:00,2.0
GILD,2013-01-28 00:00:00-05:00,2.0
GIS,1986-11-10 00:00:00-05:00,2.0
GIS,1990-11-08 00:00:00-05:00,2.0
GIS,1995-05-30 00:00:00-04:00,1.2099213551119177
GIS,1999-11-09 00:00:00-05:00,2.0
GIS,2010-06-09 00:00:00-04:00,2.0
GLW,1985-02-13 00:00:00-05:00,2.0
GLW,1989-02-15 00:00:00-05:00,2.0
GLW,1992-02-11 00:00:00-05:00,2.0
GLW,2000-10-04 00:00:00-04:00,3.0
GMMPFAUDLR.NS,2022-07-11 00:00:00+05:30,3.0
GURE,2006-10-23 00:00:00-04:00,0.01
GURE,2007-11-28 00:00:00-05:00,2.0
GURE,2009-10-12 00:00:00-04:00,0.25
GURE,2020-01-28 00:00:00-05:00,0.2
HAL,1976-04-30 00:00:00-04:00,3.0
HAL,1980-12-26 00:00:00-05:00,2.0
HAL,1996-01-24 00:00:00-05:00,1.0493069327709048
HAL,1997-07-22 00:00:00-04:00,2.0
HAL,2006-07-17 00:00:00-04:00,2.0
HD,1982-01-20 00:00:00-05:00,1.5
HD,1982-05-11 00:00:00-04:00,1.25
HD,1982-12-08 00:00:00-05:00,2.0
HD,1983-06-09 00:00:00-04:00,2.0
HD,1987-09-22 00:00:00-04:00,1.5
HD,1989-07-03 00:00:00-04:00,1.5
HD,1990-07-06 00:00:00-04:00,1.5
HD,1991-06-26 00:00:00-04:00,1.5
HD,1992-07-02 00:00:00-04:00,1.5
HD,1993-04-14 00:00:00-04:00,1.3333333333333333
HD,1997-07-07 00:00:00-04:00,1.5
HD,1998-07-06 00:00:00-04:00,2.0
HD,1999-12-31 00:00:00-05:00,1.5
HDFCBANK.NS,2011-07-14 00:00:00+05:30,5.0
HDFCBANK.NS,2019-09-19 00:00:00+05:30,2.0
HEAL.JK,2021-07-30 00:00:00+07:00,5.0
HON,1965-02-04 00:00:00-05:00,1.02
HON,1966-02-03 00:00:00-05:00,1.02
HON,1967-02-03 00:00:00-05:00,1.02
HON,1984-05-30 00:00:00-04:00,1.5
HON,1994-03-15 00:00:00-05:00,2.0
HON,1997-09-16 00:00:00-04:00,2.0
HON,2016-10-03 00:00:00-04:00,1.0053282396702523
HON,2018-10-01 00:00:00-04:00,1.011
HON,2018-10-29 00:00:00-04:00,1.032
HPE,2017-04-03 00:00:00-04:00,1.3348
HPE,2017-09-01 00:00:00-04:00,1.289
HPQ,1970-03-20 00:00:00-05:00,2.0
HPQ,1979-07-31 00:00:00-04:00,2.0
HPQ,1981-07-20 00:00:00-04:00,2.0
HPQ,1983-08-26 00:00:00-04:00,2.0
HPQ,1995-04-17 00:00:00-04:00,2.0
HPQ,1996-07-16 00:00:00-04:00,2.0
HPQ,2000-10-30 00:00:00-05:00,2.0
HPQ,2015-11-02 00:00:00-05:00,2.202
HTHT,2018-05-25 00:00:00-04:00,4.0
HYMB,2023-01-12 00:00:00-05:00,2.0
IBM,1964-05-18 00:00:00-04:00,1.25
IBM,1966-05-18 00:00:00-04:00,1.5
IBM,1968-04-23 00:00:00-05:00,2.0
IBM,1973-05-29 00:00:00-04:00,1.25
IBM,1979-06-01 00:00:00-04:00,4.0
IBM,1997-05-28 00:00:00-04:00,2.0
IBM,1999-05-27 00:00:00-04:00,2.0
IBM,2021-11-04 00:00:00-04:00,1.046
ICICIBANK.BO,2014-12-04 00:00:00+05:30,4.545454545454545
ICICIBANK.BO,2017-06-20 00:00:00+05:30,1.1
IEX.NS,2018-10-19 00:00:00+05:30,10.0
IEX.NS,2021-12-03 00:00:00+05:30,3.0
IGSB,2018-08-08 00:00:00-04:00,2.0
INFY.NS,1997-08-19 00:00:00+05:30,2.0
INFY.NS,1999-02-10 00:00:00+05:30,2.0
INFY.NS,2000-01-24 00:00:00+05:30,2.0
INFY.NS,2000-01-27 00:00:00+05:30,2.0
INFY.NS,2004-07-01 00:00:00+05:30,4.0
INFY.NS,2006-07-13 00:00:00+05:30,2.0
INFY.NS,2014-12-02 00:00:00+05:30,2.0
INFY.NS,2015-06-15 00:00:00+05:30,2.0
INFY.NS,2018-09-04 00:00:00+05:30,2.0
INTC,1980-10-09 00:00:00-04:00,2.0
INTC,1983-07-01 00:00:00-04:00,2.0
INTC,1987-10-29 00:00:00-05:00,1.5
INTC,1993-06-07 00:00:00-04:00,2.0
INTC,1995-06-19 00:00:00-04:00,2.0
INTC,1997-07-14 00:00:00-04:00,2.0
INTC,1999-04-12 00:00:00-04:00,2.0
INTC,2000-07-31 00:00:00-04:00,2.0
IP,1962-11-19 00:00:00-05:00,1.02
IP,1987-05-20 00:00:00-04:00,2.0
IP,1995-09-18 00:00:00-04:00,2.0
IP,2014-07-02 00:00:00-04:00,1.014
IP,2021-10-01 00:00:00-04:00,1.056
IPG,1984-02-15 00:00:00-05:00,2.0
IPG,1986-06-24 00:00:00-04:00,2.0
IPG,1989-06-16 00:00:00-04:00,1.5
IPG,1992-06-16 00:00:00-04:00,2.0
IPG,1997-07-16 00:00:00-04:00,1.5
IPG,1999-07-16 00:00:00-04:00,2.0
ISTB,2016-07-25 00:00:00-04:00,2.0
IWM,2005-06-09 00:00:00-04:00,2.0
IYR,2005-06-09 00:00:00-04:00,2.0
JG,2023-12-11 00:00:00-05:00,0.05
JNJ,1967-06-19 00:00:00-04:00,3.0
JNJ,1970-05-18 00:00:00-04:00,3.0
JNJ,1981-05-19 00:00:00-04:00,3.0
JNJ,1989-05-11 00:00:00-04:00,2.0
JNJ,1992-06-10 00:00:00-04:00,2.0
JNJ,1996-06-12 00:00:00-04:00,2.0
JNJ,2001-06-13 00:00:00-04:00,2.0
JNK,2019-05-06 00:00:00-04:00,0.3333333333333333
JPM,1982-04-16 00:00:00-05:00,1.5
JPM,1984-04-16 00:00:00-05:00,1.5
JPM,1998-06-15 00:00:00-04:00,2.0
JPM,2000-06-12 00:00:00-04:00,1.5
KO,1965-02-19 00:00:00-05:00,2.0
KO,1968-06-03 00:00:00-04:00,2.0
KO,1977-06-01 00:00:00-04:00,2.0
KO,1986-07-01 00:00:00-04:00,3.0
KO,1990-05-14 00:00:00-04:00,2.0
KO,1992-05-12 00:00:00-04:00,2.0
KO,1996-05-13 00:00:00-04:00,2.0
KO,2012-08-13 00:00:00-04:00,2.0
KR,1979-05-29 00:00:00-04:00,2.0
KR,1986-10-01 00:00:00-04:00,2.0
KR,1997-04-23 00:00:00-04:00,2.0
KR,1999-06-29 00:00:00-04:00,2.0
KR,2015-07-14 00:00:00-04:00,2.0
KSS,1996-04-30 00:00:00-04:00,2.0
KSS,1998-04-28 00:00:00-04:00,2.0
KSS,2000-04-25 00:00:00-04:00,2.0
LRCX,1993-09-16 00:00:00-04:00,1.5
LRCX,2000-03-17 00:00:00-05:00,3.0
LRCX,2024-10-03 00:00:00-04:00,10.0
M,2006-06-12 00:00:00-04:00,2.0
MCD,1971-06-14 00:00:00-04:00,1.5
MCD,1972-06-06 00:00:00-04:00,2.0
MCD,1982-10-07 00:00:00-04:00,1.5
MCD,1984-09-25 00:00:00-04:00,1.5
MCD,1986-06-26 00:00:00-04:00,1.5
MCD,1987-06-23 00:00:00-04:00,1.5
MCD,1989-06-19 00:00:00-04:00,2.0
MCD,1994-06-27 00:00:00-04:00,2.0
MCD,1999-03-08 00:00:00-05:00,2.0
MMM,1972-06-16 00:00:00-04:00,2.0
MMM,1987-06-16 00:00:00-04:00,2.0
MMM,1994-04-11 00:00:00-04:00,2.0
MMM,2003-09-30 00:00:00-04:00,2.0
MMM,2024-04-01 00:00:00-04:00,1.196
MO,1966-05-19 00:00:00-04:00,3.0
MO,1969-05-22 00:00:00-04:00,2.0
MO,1974-06-03 00:00:00-04:00,2.0
MO,1979-06-01 00:00:00-04:00,2.0
MO,1986-04-11 00:00:00-05:00,2.0
MO,1989-10-11 00:00:00-04:00,4.0
MO,1997-04-11 00:00:00-04:00,3.0
MRK,1964-05-27 00:00:00-04:00,3.0
MRK,1972-06-01 00:00:00-04:00,2.0
MRK,1986-05-27 00:00:00-04:00,2.0
MRK,1988-05-26 00:00:00-04:00,3.0
MRK,1992-05-26 00:00:00-04:00,3.0
MRK,1999-02-17 00:00:00-05:00,2.0
MRK,2021-06-03 00:00:00-04:00,1.048
MRVL,2004-06-29 00:00:00-04:00,2.0
MRVL,2006-07-25 00:00:00-04:00,2.0
MS,1997-01-15 00:00:00-05:00,2.0
MS,2000-01-27 00:00:00-05:00,2.0
MSFT,1987-09-21 00:00:00-04:00,2.0
MSFT,1990-04-16 00:00:00-04:00,2.0
MSFT,1991-06-27 00:00:00-04:00,1.5
MSFT,1992-06-15 00:00:00-04:00,1.5
MSFT,1994-05-23 00:00:00-04:00,2.0
MSFT,1996-12-09 00:00:00-05:00,2.0
MSFT,1998-02-23 00:00:00-05:00,2.0
MSFT,1999-03-29 00:00:00-05:00,2.0
MSFT,2003-02-18 00:00:00-05:00,2.0
MTC,2022-07-13 00:00:00-04:00,0.1
MTC,2024-12-18 00:00:00-05:00,0.125
MTCH,1998-03-27 00:00:00-05:00,2.0
MTCH,2000-02-25 00:00:00-05:00,2.0
MTCH,2005-08-09 00:00:00-04:00,0.9
MTCH,2008-08-21 00:00:00-04:00,1.146
MTCH,2020-07-01 00:00:00-04:00,3.502
MU,1994-04-19 00:00:00-04:00,2.5
MU,1995-05-23 00:00:00-04:00,2.0
MU,2000-05-02 00:00:00-04:00,2.0
NCTY,2018-05-09 00:00:00-04:00,0.3333333333333333
NCTY,2020-10-19 00:00:00-04:00,0.1
NCTY,2023-10-02 00:00:00-04:00,0.1
NEM,1987-06-11 00:00:00-04:00,2.0
NEM,1987-10-09 00:00:00-04:00,1.5
NEM,1994-04-22 00:00:00-04:00,1.25
NFLX,2004-02-12 00:00:00-05:00,2.0
NFLX,2015-07-15 00:00:00-04:00,7.0
NKE,1990-10-08 00:00:00-04:00,2.0
NKE,1995-10-31 00:00:00-05:00,2.0
NKE,1996-10-24 00:00:00-04:00,2.0
NKE,2007-04-03 00:00:00-04:00,2.0
NKE,2012-12-26 00:00:00-05:00,2.0
NKE,2015-12-24 00:00:00-05:00,2.0
NTES,2006-03-28 00:00:00-05:00,4.0
NTES,2020-10-02 00:00:00-04:00,5.0
NVDA,2000-06-27 00:00:00-04:00,2.0
NVDA,2001-09-10 00:00:00-04:00,2.0
NVDA,2006-04-07 00:00:00-04:00,2.0
NVDA,2007-09-11 00:00:00-04:00,1.5
NVDA,2021-07-20 00:00:00-04:00,4.0
NVDA,2024-06-10 00:00:00-04:00,10.0
NVFY,2019-12-23 00:00:00-05:00,0.2
NVFY,2023-05-24 00:00:00-04:00,0.2
O,2005-01-03 00:00:00-05:00,2.0
O,2021-11-15 00:00:00-05:00,1.032
O39.SI,2005-08-03 00:00:00+08:00,2.0
OKE,1990-03-01 00:00:00-05:00,2.0
OKE,2001-06-12 00:00:00-04:00,2.0
OKE,2012-06-04 00:00:00-04:00,2.0
OKE,2014-02-03 00:00:00-05:00,1.1422
ORCL,1987-03-25 00:00:00-05:00,2.0
ORCL,1987-12-21 00:00:00-05:00,2.0
ORCL,1989-07-03 00:00:00-04:00,2.0
ORCL,1993-11-09 00:00:00-05:00,2.0
ORCL,1995-02-23 00:00:00-05:00,1.5
ORCL,1996-04-17 00:00:00-04:00,1.5
ORCL,1997-08-18 00:00:00-04:00,1.5
ORCL,1999-03-01 00:00:00-05:00,1.5
ORCL,2000-01-19 00:00:00-05:00,2.0
ORCL,2000-10-13 00:00:00-04:00,2.0
OXY,2006-08-16 00:00:00-04:00,2.0
OXY,2014-12-01 00:00:00-05:00,1.042
OXY,2016-02-25 00:00:00-05:00,1.0017028949213662
PANW,2022-09-14 00:00:00-04:00,3.0
PANW,2024-12-16 00:00:00-05:00,2.0
PCG,1983-07-18 00:00:00-04:00,2.0
PFE,1983-07-01 00:00:00-04:00,2.0
PFE,1991-04-01 00:00:00-05:00,2.0
PFE,1995-07-03 00:00:00-04:00,2.0
PFE,1997-07-01 00:00:00-04:00,2.0
PFE,1999-07-01 00:00:00-04:00,3.0
PFE,2020-11-17 00:00:00-05:00,1.054
PG,1970-05-19 00:00:00-04:00,2.0
PG,1983-02-22 00:00:00-05:00,2.0
PG,1989-11-20 00:00:00-05:00,2.0
PG,1992-06-15 00:00:00-04:00,2.0
PG,1997-09-22 00:00:00-04:00,2.0
PG,2004-06-21 00:00:00-04:00,2.0
PLUG,2011-05-20 00:00:00-04:00,0.1
PPL,1992-05-12 00:00:00-04:00,2.0
PPL,2005-08-25 00:00:00-04:00,2.0
PPL,2015-06-02 00:00:00-04:00,1.0736525660296328
PT,2022-05-16 00:00:00-04:00,0.2
QCOM,1994-02-24 00:00:00-05:00,2.0
QCOM,1999-05-11 00:00:00-04:00,2.0
QCOM,1999-12-31 00:00:00-05:00,4.0
QCOM,2004-08-16 00:00:00-04:00,2.0
QQQ,2000-03-20 00:00:00-05:00,2.0
RCON,2024-05-01 00:00:00-04:00,0.05555555555555555
RF,1984-06-04 00:00:00-04:00,2.0
RF,1986-06-02 00:00:00-04:00,2.0
RF,1993-03-01 00:00:00-05:00,1.1
RF,1997-06-16 00:00:00-04:00,2.0
RF,2004-07-01 00:00:00-04:00,1.2346
RTX,1965-11-01 00:00:00-05:00,1.5
RTX,1976-05-19 00:00:00-04:00,2.0
RTX,1984-06-11 00:00:00-04:00,2.0
RTX,1996-12-11 00:00:00-05:00,2.0
RTX,1999-05-18 00:00:00-04:00,2.0
RTX,2005-06-13 00:00:00-04:00,2.0
RTX,2020-04-03 00:00:00-04:00,1.589
SBIN.NS,2014-11-20 00:00:00+05:30,10.0
SCHP,2024-10-11 00:00:00-04:00,2.0
SCHW,1991-12-03 00:00:00-05:00,1.5
SCHW,1993-06-02 00:00:00-04:00,1.5
SCHW,1995-03-02 00:00:00-05:00,1.5
SCHW,1995-09-05 00:00:00-04:00,2.0
SCHW,1997-09-16 00:00:00-04:00,1.5
SCHW,1998-12-14 00:00:00-05:00,1.5
SCHW,1999-07-02 00:00:00-04:00,2.0
SCHW,2000-05-31 00:00:00-04:00,1.5
SECO,2022-11-28 00:00:00-05:00,0.1
SEED,2018-07-10 00:00:00-04:00,0.1
SHW,1981-03-31 00:00:00-05:00,2.0
SHW,1983-03-31 00:00:00-05:00,2.0
SHW,1986-04-01 00:00:00-05:00,2.0
SHW,1991-04-01 00:00:00-05:00,2.0
SHW,1997-03-31 00:00:00-05:00,2.0
SHW,2021-04-01 00:00:00-04:00,3.0
SIDO.JK,2020-09-14 00:00:00+07:00,2.0
SIDO.JK,2021-09-28 00:00:00+07:00,1.0076335877862594
SLB,1997-07-14 00:00:00-04:00,2.0
SLB,2006-04-10 00:00:00-04:00,2.0
SLV,2008-07-24 00:00:00-04:00,10.0
SMCI,2024-10-01 00:00:00-04:00,10.0
T,1987-05-26 00:00:00-04:00,3.0
T,1993-05-26 00:00:00-04:00,2.0
T,1998-03-20 00:00:00-05:00,2.0
T,2022-04-11 00:00:00-04:00,1.324
TCS.NS,2006-07-28 00:00:00+05:30,2.0
TCS.NS,2009-06-16 00:00:00+05:30,2.0
TCS.NS,2018-05-31 00:00:00+05:30,2.0
TFC,1983-07-01 00:00:00-04:00,1.25
TFC,1985-04-29 00:00:00-04:00,2.0
TFC,1987-06-23 00:00:00-04:00,1.5
TFC,1989-07-03 00:00:00-04:00,1.5
TFC,1998-08-04 00:00:00-04:00,2.0
TITAN.NS,2011-06-23 00:00:00+05:30,10.0
TRV,1994-06-07 00:00:00-04:00,2.0
TRV,1998-05-12 00:00:00-04:00,2.0
TSLA,2020-08-31 00:00:00-04:00,5.0
TSLA,2022-08-25 00:00:00-04:00,3.0
UNH,1992-09-16 00:00:00-04:00,2.0
UNH,1994-03-11 00:00:00-05:00,2.0
UNH,2000-12-26 00:00:00-05:00,2.0
UNH,2003-06-19 00:00:00-04:00,2.0
UNH,2005-05-31 00:00:00-04:00,2.0
USB,1979-02-22 00:00:00-05:00,1.25
USB,1985-04-16 00:00:00-05:00,2.0
USB,1989-04-17 00:00:00-04:00,2.0
USB,1997-01-16 00:00:00-05:00,3.0
USB,1999-04-16 00:00:00-04:00,3.0
USO,2020-04-29 00:00:00-04:00,0.125
UTSI,2013-03-22 00:00:00-04:00,0.3333333333333333
UTSI,2022-06-29 00:00:00-04:00,0.25
UXIN,2022-10-28 00:00:00-04:00,0.1
UXIN,2024-01-16 00:00:00-05:00,0.1
V,2015-03-19 00:00:00-04:00,4.0
VFC,1982-12-21 00:00:00-05:00,2.0
VFC,1983-12-20 00:00:00-05:00,2.0
VFC,1986-05-06 00:00:00-04:00,2.0
VFC,1997-11-25 00:00:00-05:00,2.0
VFC,2013-12-23 00:00:00-05:00,4.0
VFC,2019-05-23 00:00:00-04:00,1.062
VNO,1991-06-03 00:00:00-04:00,5.0
VNO,1993-03-26 00:00:00-05:00,1.5
VNO,1997-10-21 00:00:00-04:00,2.0
VNO,1998-10-19 00:00:00-04:00,1.0131712259371835
VNO,2015-01-16 00:00:00-05:00,1.1049723756906078
VNO,2017-07-18 00:00:00-04:00,1.237
VZ,1986-04-18 00:00:00-05:00,2.0
VZ,1990-05-02 00:00:00-04:00,2.0
VZ,1998-06-30 00:00:00-04:00,2.0
VZ,2006-11-20 00:00:00-05:00,1.038055099964706
VZ,2008-04-01 00:00:00-04:00,1.0046515366145252
VZ,2010-07-02 00:00:00-04:00,1.0662242546825904
WDC,1997-06-04 00:00:00-04:00,2.0
WDC,2025-02-24 00:00:00-05:00,1.323
WFC,1977-06-20 00:00:00-04:00,2.0
WFC,1988-07-01 00:00:00-04:00,1.5
WFC,1989-07-24 00:00:00-04:00,2.0
WFC,1993-06-29 00:00:00-04:00,2.0
WFC,1997-10-14 00:00:00-04:00,2.0
WFC,2006-08-14 00:00:00-04:00,2.0
WMB,1993-11-08 00:00:00-05:00,2.0
WMB,1996-12-31 00:00:00-05:00,1.5
WMB,1997-12-30 00:00:00-05:00,2.0
WMB,2001-04-24 00:00:00-04:00,1.0893246187363834
WMB,2012-01-03 00:00:00-05:00,1.2266928361138372
WMT,1975-08-25 00:00:00-04:00,2.0
WMT,1980-12-17 00:00:00-05:00,2.0
WMT,1982-07-12 00:00:00-04:00,2.0
WMT,1983-07-11 00:00:00-04:00,2.0
WMT,1985-10-07 00:00:00-04:00,2.0
WMT,1987-07-13 00:00:00-04:00,2.0
WMT,1990-07-09 00:00:00-04:00,2.0
WMT,1993-02-26 00:00:00-05:00,2.0
WMT,1999-04-20 00:00:00-04:00,2.0
WMT,2024-02-26 00:00:00-05:00,3.0
WY,1973-12-12 00:00:00-05:00,2.0
WY,1988-06-03 00:00:00-04:00,1.5
XBI,2015-09-11 00:00:00-04:00,3.0
XOM,1976-07-26 00:00:00-04:00,2.0
XOM,1981-06-12 00:00:00-04:00,2.0
XOM,1987-09-15 00:00:00-04:00,2.0
XOM,1997-04-14 00:00:00-04:00,2.0
XOM,2001-07-19 00:00:00-04:00,2.0
XOP,2020-03-30 00:00:00-04:00,0.25
YJ,2023-06-20 00:00:00-04:00,0.1
YJ,2024-09-13 00:00:00-04:00,0.25
